target,dataset_path,dataset_name,dataset_split,num_of_examples,drafter,temperature,example_id,new_toks,ttft_ms,tpot_ms,out_toks_per_sec
deepseek-ai/DeepSeek-R1-Distill-Llama-70B,cnn_dailymail,3.0.0,validation,30,,0,0,512,373.6991882324219,81.15009692317119,12.32284418522321
deepseek-ai/DeepSeek-R1-Distill-Llama-70B,cnn_dailymail,3.0.0,validation,30,,0,1,512,635.6675624847412,89.09297222727199,11.224229869097273
deepseek-ai/DeepSeek-R1-Distill-Llama-70B,cnn_dailymail,3.0.0,validation,30,,0,2,512,293.13158988952637,78.20743870595197,12.786507479932277
deepseek-ai/DeepSeek-R1-Distill-Llama-70B,cnn_dailymail,3.0.0,validation,30,,0,3,512,212.7685546875,77.40206774433533,12.91955149445197
deepseek-ai/DeepSeek-R1-Distill-Llama-70B,cnn_dailymail,3.0.0,validation,30,,0,4,512,293.16258430480957,78.52174204622929,12.735326215906607
deepseek-ai/DeepSeek-R1-Distill-Llama-70B,cnn_dailymail,3.0.0,validation,30,,0,5,512,393.80645751953125,81.59502844987783,12.255648646709888
deepseek-ai/DeepSeek-R1-Distill-Llama-70B,cnn_dailymail,3.0.0,validation,30,,0,6,512,293.1497097015381,78.9111924964621,12.67247355367027
deepseek-ai/DeepSeek-R1-Distill-Llama-70B,cnn_dailymail,3.0.0,validation,30,,0,7,469,112.09845542907715,75.73680847119061,13.20361948418236
deepseek-ai/DeepSeek-R1-Distill-Llama-70B,cnn_dailymail,3.0.0,validation,30,,0,8,512,293.44654083251953,78.3877657350962,12.757092776178906
deepseek-ai/DeepSeek-R1-Distill-Llama-70B,cnn_dailymail,3.0.0,validation,30,,0,9,512,223.01530838012695,77.91008034797564,12.835309571413928
deepseek-ai/DeepSeek-R1-Distill-Llama-70B,cnn_dailymail,3.0.0,validation,30,,0,10,460,152.15301513671875,76.08324613965935,13.143498085825462
deepseek-ai/DeepSeek-R1-Distill-Llama-70B,cnn_dailymail,3.0.0,validation,30,,0,11,512,222.8715419769287,77.79135629388917,12.854898637093877
deepseek-ai/DeepSeek-R1-Distill-Llama-70B,cnn_dailymail,3.0.0,validation,30,,0,12,512,192.66462326049805,76.64789332335708,13.046672995711257
deepseek-ai/DeepSeek-R1-Distill-Llama-70B,cnn_dailymail,3.0.0,validation,30,,0,13,435,152.35114097595215,76.11610702655281,13.137823767723088
deepseek-ai/DeepSeek-R1-Distill-Llama-70B,cnn_dailymail,3.0.0,validation,30,,0,14,512,152.39691734313965,76.29338542542578,13.107296188572814
deepseek-ai/DeepSeek-R1-Distill-Llama-70B,cnn_dailymail,3.0.0,validation,30,,0,15,512,192.51012802124023,76.86570572526489,13.009702969152748
deepseek-ai/DeepSeek-R1-Distill-Llama-70B,cnn_dailymail,3.0.0,validation,30,,0,16,498,132.02524185180664,76.02565245369311,13.153455021107456
deepseek-ai/DeepSeek-R1-Distill-Llama-70B,cnn_dailymail,3.0.0,validation,30,,0,17,512,212.8305435180664,77.59671808455555,12.887142970535436
deepseek-ai/DeepSeek-R1-Distill-Llama-70B,cnn_dailymail,3.0.0,validation,30,,0,18,512,383.9898109436035,81.26694908813954,12.305125407321885
deepseek-ai/DeepSeek-R1-Distill-Llama-70B,cnn_dailymail,3.0.0,validation,30,,0,19,512,303.5142421722412,79.4054066831585,12.593600886526222
deepseek-ai/DeepSeek-R1-Distill-Llama-70B,cnn_dailymail,3.0.0,validation,30,,0,20,464,112.10250854492188,75.72805958741684,13.205144902011492
deepseek-ai/DeepSeek-R1-Distill-Llama-70B,cnn_dailymail,3.0.0,validation,30,,0,21,512,81.94589614868164,75.68444524492536,13.212754572803716
deepseek-ai/DeepSeek-R1-Distill-Llama-70B,cnn_dailymail,3.0.0,validation,30,,0,22,512,152.42242813110352,76.35435666123482,13.096829620826352
deepseek-ai/DeepSeek-R1-Distill-Llama-70B,cnn_dailymail,3.0.0,validation,30,,0,23,512,293.13039779663086,79.09221611844117,12.64346921955623
deepseek-ai/DeepSeek-R1-Distill-Llama-70B,cnn_dailymail,3.0.0,validation,30,,0,24,512,293.40410232543945,78.99554881564325,12.65894110481796
deepseek-ai/DeepSeek-R1-Distill-Llama-70B,cnn_dailymail,3.0.0,validation,30,,0,25,393,212.81933784484863,76.55373276496421,13.06272031267511
deepseek-ai/DeepSeek-R1-Distill-Llama-70B,cnn_dailymail,3.0.0,validation,30,,0,26,512,192.59142875671387,76.74782243493485,13.029685641540885
deepseek-ai/DeepSeek-R1-Distill-Llama-70B,cnn_dailymail,3.0.0,validation,30,,0,27,395,122.21145629882812,75.65469729718822,13.217949918850127
deepseek-ai/DeepSeek-R1-Distill-Llama-70B,cnn_dailymail,3.0.0,validation,30,,0,28,512,112.11252212524414,75.83924002376789,13.185786140349004
deepseek-ai/DeepSeek-R1-Distill-Llama-70B,cnn_dailymail,3.0.0,validation,30,,0,29,463,202.76188850402832,77.11733368052033,12.967253304461664
deepseek-ai/DeepSeek-R1-Distill-Llama-70B,cnn_dailymail,3.0.0,validation,30,,1,0,512,383.79740715026855,81.54197588358839,12.263622375641571
deepseek-ai/DeepSeek-R1-Distill-Llama-70B,cnn_dailymail,3.0.0,validation,30,,1,1,512,635.7736587524414,89.50900844865116,11.17205985555825
deepseek-ai/DeepSeek-R1-Distill-Llama-70B,cnn_dailymail,3.0.0,validation,30,,1,2,512,303.33447456359863,78.6006879899833,12.722534949407029
deepseek-ai/DeepSeek-R1-Distill-Llama-70B,cnn_dailymail,3.0.0,validation,30,,1,3,270,212.83483505249023,76.9141340787526,13.001511516415139
deepseek-ai/DeepSeek-R1-Distill-Llama-70B,cnn_dailymail,3.0.0,validation,30,,1,4,512,293.3053970336914,78.77582066679655,12.69425048873522
deepseek-ai/DeepSeek-R1-Distill-Llama-70B,cnn_dailymail,3.0.0,validation,30,,1,5,449,394.1924571990967,81.68007859161922,12.242887338536486
deepseek-ai/DeepSeek-R1-Distill-Llama-70B,cnn_dailymail,3.0.0,validation,30,,1,6,512,293.3919429779053,79.27449668690183,12.614397338270651
deepseek-ai/DeepSeek-R1-Distill-Llama-70B,cnn_dailymail,3.0.0,validation,30,,1,7,512,111.88459396362305,76.25439955530335,13.113997432695697
deepseek-ai/DeepSeek-R1-Distill-Llama-70B,cnn_dailymail,3.0.0,validation,30,,1,8,512,293.4603691101074,78.67523975334989,12.710479219828768
deepseek-ai/DeepSeek-R1-Distill-Llama-70B,cnn_dailymail,3.0.0,validation,30,,1,9,512,222.86128997802734,78.21182122202536,12.785791001608699
deepseek-ai/DeepSeek-R1-Distill-Llama-70B,cnn_dailymail,3.0.0,validation,30,,1,10,482,152.30250358581543,76.59998405995836,13.054833003845715
deepseek-ai/DeepSeek-R1-Distill-Llama-70B,cnn_dailymail,3.0.0,validation,30,,1,11,512,222.8684425354004,78.1239656086304,12.800169476925905
deepseek-ai/DeepSeek-R1-Distill-Llama-70B,cnn_dailymail,3.0.0,validation,30,,1,12,512,192.43788719177246,76.88255832619863,13.006851251712813
deepseek-ai/DeepSeek-R1-Distill-Llama-70B,cnn_dailymail,3.0.0,validation,30,,1,13,512,152.15110778808594,76.74915776560684,13.029458942781053
deepseek-ai/DeepSeek-R1-Distill-Llama-70B,cnn_dailymail,3.0.0,validation,30,,1,14,512,152.39524841308594,76.66899919976461,13.04308143366335
deepseek-ai/DeepSeek-R1-Distill-Llama-70B,cnn_dailymail,3.0.0,validation,30,,1,15,343,192.6579475402832,76.50362887577704,13.071275372097087
deepseek-ai/DeepSeek-R1-Distill-Llama-70B,cnn_dailymail,3.0.0,validation,30,,1,16,419,132.2042942047119,76.15920345178631,13.13038942999272
deepseek-ai/DeepSeek-R1-Distill-Llama-70B,cnn_dailymail,3.0.0,validation,30,,1,17,512,212.80550956726074,77.9117842709715,12.835028864466421
deepseek-ai/DeepSeek-R1-Distill-Llama-70B,cnn_dailymail,3.0.0,validation,30,,1,18,512,383.8334083557129,81.45887464459861,12.276133255743524
deepseek-ai/DeepSeek-R1-Distill-Llama-70B,cnn_dailymail,3.0.0,validation,30,,1,19,512,303.3316135406494,79.72541993844766,12.543050896088777
deepseek-ai/DeepSeek-R1-Distill-Llama-70B,cnn_dailymail,3.0.0,validation,30,,1,20,490,111.85073852539062,76.16127634341,13.130032058431055
deepseek-ai/DeepSeek-R1-Distill-Llama-70B,cnn_dailymail,3.0.0,validation,30,,1,21,450,81.87460899353027,75.95625539664967,13.165472610227026
deepseek-ai/DeepSeek-R1-Distill-Llama-70B,cnn_dailymail,3.0.0,validation,30,,1,22,512,152.44436264038086,76.66663274373094,13.04348403226005
deepseek-ai/DeepSeek-R1-Distill-Llama-70B,cnn_dailymail,3.0.0,validation,30,,1,23,397,293.2596206665039,78.88014569427028,12.677461371279367
deepseek-ai/DeepSeek-R1-Distill-Llama-70B,cnn_dailymail,3.0.0,validation,30,,1,24,512,293.4086322784424,79.2771468190531,12.613975655335576
deepseek-ai/DeepSeek-R1-Distill-Llama-70B,cnn_dailymail,3.0.0,validation,30,,1,25,502,212.81003952026367,77.36830749435578,12.92518903910303
deepseek-ai/DeepSeek-R1-Distill-Llama-70B,cnn_dailymail,3.0.0,validation,30,,1,26,512,192.5342082977295,77.04057992087884,12.980172280984986
deepseek-ai/DeepSeek-R1-Distill-Llama-70B,cnn_dailymail,3.0.0,validation,30,,1,27,512,122.18236923217773,76.25388585891275,13.11408577721836
deepseek-ai/DeepSeek-R1-Distill-Llama-70B,cnn_dailymail,3.0.0,validation,30,,1,28,512,112.11061477661133,76.23156736041702,13.117925219510134
deepseek-ai/DeepSeek-R1-Distill-Llama-70B,cnn_dailymail,3.0.0,validation,30,,1,29,512,202.7895450592041,77.55351159903869,12.894322634545867
deepseek-ai/DeepSeek-R1-Distill-Llama-70B,cnn_dailymail,3.0.0,validation,30,deepseek-ai/DeepSeek-R1-Distill-Llama-8B,0,0,458,884.7002983093262,60.47343320867426,16.53618699883176
deepseek-ai/DeepSeek-R1-Distill-Llama-70B,cnn_dailymail,3.0.0,validation,30,deepseek-ai/DeepSeek-R1-Distill-Llama-8B,0,1,512,997.1921443939209,93.46623010131478,10.699051399805342
deepseek-ai/DeepSeek-R1-Distill-Llama-70B,cnn_dailymail,3.0.0,validation,30,deepseek-ai/DeepSeek-R1-Distill-Llama-8B,0,2,512,332.1545124053955,87.30842362644621,11.453648553758729
deepseek-ai/DeepSeek-R1-Distill-Llama-70B,cnn_dailymail,3.0.0,validation,30,deepseek-ai/DeepSeek-R1-Distill-Llama-8B,0,3,512,354.43687438964844,82.38669617535317,12.137882041920747
deepseek-ai/DeepSeek-R1-Distill-Llama-70B,cnn_dailymail,3.0.0,validation,30,deepseek-ai/DeepSeek-R1-Distill-Llama-8B,0,4,512,331.6493034362793,83.90220037411804,11.91863855227899
deepseek-ai/DeepSeek-R1-Distill-Llama-70B,cnn_dailymail,3.0.0,validation,30,deepseek-ai/DeepSeek-R1-Distill-Llama-8B,0,5,512,895.982027053833,92.40484797557973,10.821943024723929
deepseek-ai/DeepSeek-R1-Distill-Llama-70B,cnn_dailymail,3.0.0,validation,30,deepseek-ai/DeepSeek-R1-Distill-Llama-8B,0,6,512,715.8403396606445,94.97144730823615,10.529480473793702
deepseek-ai/DeepSeek-R1-Distill-Llama-70B,cnn_dailymail,3.0.0,validation,30,deepseek-ai/DeepSeek-R1-Distill-Llama-8B,0,7,506,132.15994834899902,73.20356510653355,13.660536867906565
deepseek-ai/DeepSeek-R1-Distill-Llama-70B,cnn_dailymail,3.0.0,validation,30,deepseek-ai/DeepSeek-R1-Distill-Llama-8B,0,8,512,784.5206260681152,76.54757135768226,13.063771746948321
deepseek-ai/DeepSeek-R1-Distill-Llama-70B,cnn_dailymail,3.0.0,validation,30,deepseek-ai/DeepSeek-R1-Distill-Llama-8B,0,9,512,243.89386177062988,87.19493451650362,11.468556121350458
deepseek-ai/DeepSeek-R1-Distill-Llama-70B,cnn_dailymail,3.0.0,validation,30,deepseek-ai/DeepSeek-R1-Distill-Llama-8B,0,10,460,635.8904838562012,88.95985752928492,11.241025196907579
deepseek-ai/DeepSeek-R1-Distill-Llama-70B,cnn_dailymail,3.0.0,validation,30,deepseek-ai/DeepSeek-R1-Distill-Llama-8B,0,11,512,769.2441940307617,77.89810249716801,12.837283167922545
deepseek-ai/DeepSeek-R1-Distill-Llama-70B,cnn_dailymail,3.0.0,validation,30,deepseek-ai/DeepSeek-R1-Distill-Llama-8B,0,12,512,212.7079963684082,80.51738860322538,12.419677505039473
deepseek-ai/DeepSeek-R1-Distill-Llama-70B,cnn_dailymail,3.0.0,validation,30,deepseek-ai/DeepSeek-R1-Distill-Llama-8B,0,13,435,636.9655132293701,71.45844077185002,13.994148055829605
deepseek-ai/DeepSeek-R1-Distill-Llama-70B,cnn_dailymail,3.0.0,validation,30,deepseek-ai/DeepSeek-R1-Distill-Llama-8B,0,14,512,635.7607841491699,79.64840420538198,12.555179353266041
deepseek-ai/DeepSeek-R1-Distill-Llama-70B,cnn_dailymail,3.0.0,validation,30,deepseek-ai/DeepSeek-R1-Distill-Llama-8B,0,15,512,222.6250171661377,74.15576783644943,13.485127713942633
deepseek-ai/DeepSeek-R1-Distill-Llama-70B,cnn_dailymail,3.0.0,validation,30,deepseek-ai/DeepSeek-R1-Distill-Llama-8B,0,16,498,152.31680870056152,67.32761164306395,14.852747269596923
deepseek-ai/DeepSeek-R1-Distill-Llama-70B,cnn_dailymail,3.0.0,validation,30,deepseek-ai/DeepSeek-R1-Distill-Llama-8B,0,17,512,243.99542808532715,88.00406511982361,11.363111449890765
deepseek-ai/DeepSeek-R1-Distill-Llama-70B,cnn_dailymail,3.0.0,validation,30,deepseek-ai/DeepSeek-R1-Distill-Llama-8B,0,18,512,642.8630352020264,84.62500525547334,11.816838261706605
deepseek-ai/DeepSeek-R1-Distill-Llama-70B,cnn_dailymail,3.0.0,validation,30,deepseek-ai/DeepSeek-R1-Distill-Llama-8B,0,19,512,656.3873291015625,80.54538902237923,12.415359986928038
deepseek-ai/DeepSeek-R1-Distill-Llama-70B,cnn_dailymail,3.0.0,validation,30,deepseek-ai/DeepSeek-R1-Distill-Llama-8B,0,20,464,606.1770915985107,68.32623687727663,14.635666263841493
deepseek-ai/DeepSeek-R1-Distill-Llama-70B,cnn_dailymail,3.0.0,validation,30,deepseek-ai/DeepSeek-R1-Distill-Llama-8B,0,21,512,111.97757720947266,61.02805268274595,16.385907071269262
deepseek-ai/DeepSeek-R1-Distill-Llama-70B,cnn_dailymail,3.0.0,validation,30,deepseek-ai/DeepSeek-R1-Distill-Llama-8B,0,22,512,182.56092071533203,78.54355571321311,12.73178927181894
deepseek-ai/DeepSeek-R1-Distill-Llama-70B,cnn_dailymail,3.0.0,validation,30,deepseek-ai/DeepSeek-R1-Distill-Llama-8B,0,23,512,322.8745460510254,73.53436223681426,13.599084422321404
deepseek-ai/DeepSeek-R1-Distill-Llama-70B,cnn_dailymail,3.0.0,validation,30,deepseek-ai/DeepSeek-R1-Distill-Llama-8B,0,24,512,786.5369319915771,77.58846254964631,12.888514182893273
deepseek-ai/DeepSeek-R1-Distill-Llama-70B,cnn_dailymail,3.0.0,validation,30,deepseek-ai/DeepSeek-R1-Distill-Llama-8B,0,25,393,232.81455039978027,92.99729186661389,10.753001296363566
deepseek-ai/DeepSeek-R1-Distill-Llama-70B,cnn_dailymail,3.0.0,validation,30,deepseek-ai/DeepSeek-R1-Distill-Llama-8B,0,26,512,214.01739120483398,76.69646865934308,13.038409948724295
deepseek-ai/DeepSeek-R1-Distill-Llama-70B,cnn_dailymail,3.0.0,validation,30,deepseek-ai/DeepSeek-R1-Distill-Llama-8B,0,27,395,152.15063095092773,84.85219805373758,11.78519853270851
deepseek-ai/DeepSeek-R1-Distill-Llama-70B,cnn_dailymail,3.0.0,validation,30,deepseek-ai/DeepSeek-R1-Distill-Llama-8B,0,28,512,414.22343254089355,70.9424891350554,14.09592491315422
deepseek-ai/DeepSeek-R1-Distill-Llama-70B,cnn_dailymail,3.0.0,validation,30,deepseek-ai/DeepSeek-R1-Distill-Llama-8B,0,29,420,333.7717056274414,96.58483332267524,10.353592438878598
deepseek-ai/DeepSeek-R1-Distill-Llama-70B,cnn_dailymail,3.0.0,validation,30,deepseek-ai/DeepSeek-R1-Distill-Llama-8B,1,0,512,572.749137878418,50.487428262042435,19.80691103555025
deepseek-ai/DeepSeek-R1-Distill-Llama-70B,cnn_dailymail,3.0.0,validation,30,deepseek-ai/DeepSeek-R1-Distill-Llama-8B,1,1,512,755.1271915435791,61.20984568287948,16.337240991929214
deepseek-ai/DeepSeek-R1-Distill-Llama-70B,cnn_dailymail,3.0.0,validation,30,deepseek-ai/DeepSeek-R1-Distill-Llama-8B,1,2,512,332.7023983001709,59.05342755252368,16.933818093972167
deepseek-ai/DeepSeek-R1-Distill-Llama-70B,cnn_dailymail,3.0.0,validation,30,deepseek-ai/DeepSeek-R1-Distill-Llama-8B,1,3,512,364.89176750183105,49.43766939196801,20.227490743373654
deepseek-ai/DeepSeek-R1-Distill-Llama-70B,cnn_dailymail,3.0.0,validation,30,deepseek-ai/DeepSeek-R1-Distill-Llama-8B,1,4,512,332.0317268371582,59.33660910320842,16.85300213668476
deepseek-ai/DeepSeek-R1-Distill-Llama-70B,cnn_dailymail,3.0.0,validation,30,deepseek-ai/DeepSeek-R1-Distill-Llama-8B,1,5,512,856.0457229614258,66.52814161520881,15.031233034944611
deepseek-ai/DeepSeek-R1-Distill-Llama-70B,cnn_dailymail,3.0.0,validation,30,deepseek-ai/DeepSeek-R1-Distill-Llama-8B,1,6,512,655.7855606079102,59.716642252853006,16.745750636242853
deepseek-ai/DeepSeek-R1-Distill-Llama-70B,cnn_dailymail,3.0.0,validation,30,deepseek-ai/DeepSeek-R1-Distill-Llama-8B,1,7,253,132.06028938293457,49.31313934780303,20.278571050750827
deepseek-ai/DeepSeek-R1-Distill-Llama-70B,cnn_dailymail,3.0.0,validation,30,deepseek-ai/DeepSeek-R1-Distill-Llama-8B,1,8,512,331.4242362976074,65.41381936717174,15.2872895922334
deepseek-ai/DeepSeek-R1-Distill-Llama-70B,cnn_dailymail,3.0.0,validation,30,deepseek-ai/DeepSeek-R1-Distill-Llama-8B,1,9,512,244.66943740844727,50.913964232353315,19.64097699083799
deepseek-ai/DeepSeek-R1-Distill-Llama-70B,cnn_dailymail,3.0.0,validation,30,deepseek-ai/DeepSeek-R1-Distill-Llama-8B,1,10,299,212.84031867980957,57.1472484793439,17.498655256542296
deepseek-ai/DeepSeek-R1-Distill-Llama-70B,cnn_dailymail,3.0.0,validation,30,deepseek-ai/DeepSeek-R1-Distill-Llama-8B,1,11,512,324.77569580078125,66.36972949929434,15.067109773449241
deepseek-ai/DeepSeek-R1-Distill-Llama-70B,cnn_dailymail,3.0.0,validation,30,deepseek-ai/DeepSeek-R1-Distill-Llama-8B,1,12,438,464.82300758361816,65.50503049889745,15.266003120429529
deepseek-ai/DeepSeek-R1-Distill-Llama-70B,cnn_dailymail,3.0.0,validation,30,deepseek-ai/DeepSeek-R1-Distill-Llama-8B,1,13,512,475.47364234924316,53.152300373682074,18.8138611681827
deepseek-ai/DeepSeek-R1-Distill-Llama-70B,cnn_dailymail,3.0.0,validation,30,deepseek-ai/DeepSeek-R1-Distill-Llama-8B,1,14,450,182.5425624847412,56.348879778040015,17.74658172334625
deepseek-ai/DeepSeek-R1-Distill-Llama-70B,cnn_dailymail,3.0.0,validation,30,deepseek-ai/DeepSeek-R1-Distill-Llama-8B,1,15,512,222.5356101989746,53.41805963833505,18.720260652866507
deepseek-ai/DeepSeek-R1-Distill-Llama-70B,cnn_dailymail,3.0.0,validation,30,deepseek-ai/DeepSeek-R1-Distill-Llama-8B,1,16,406,374.07517433166504,65.53791540640371,15.258343110227914
deepseek-ai/DeepSeek-R1-Distill-Llama-70B,cnn_dailymail,3.0.0,validation,30,deepseek-ai/DeepSeek-R1-Distill-Llama-8B,1,17,387,244.07243728637695,66.7633750895762,14.978272123874852
deepseek-ai/DeepSeek-R1-Distill-Llama-70B,cnn_dailymail,3.0.0,validation,30,deepseek-ai/DeepSeek-R1-Distill-Llama-8B,1,18,367,572.472333908081,61.47219248808147,16.267518035799437
deepseek-ai/DeepSeek-R1-Distill-Llama-70B,cnn_dailymail,3.0.0,validation,30,deepseek-ai/DeepSeek-R1-Distill-Llama-8B,1,19,512,415.03357887268066,56.178894994776776,17.80027891422526
deepseek-ai/DeepSeek-R1-Distill-Llama-70B,cnn_dailymail,3.0.0,validation,30,deepseek-ai/DeepSeek-R1-Distill-Llama-8B,1,20,265,132.50136375427246,62.84875941999031,15.91121303313952
deepseek-ai/DeepSeek-R1-Distill-Llama-70B,cnn_dailymail,3.0.0,validation,30,deepseek-ai/DeepSeek-R1-Distill-Llama-8B,1,21,365,111.8321418762207,55.098344336499224,18.149365684978708
deepseek-ai/DeepSeek-R1-Distill-Llama-70B,cnn_dailymail,3.0.0,validation,30,deepseek-ai/DeepSeek-R1-Distill-Llama-8B,1,22,410,182.4970245361328,57.66126928819129,17.342663669125898
deepseek-ai/DeepSeek-R1-Distill-Llama-70B,cnn_dailymail,3.0.0,validation,30,deepseek-ai/DeepSeek-R1-Distill-Llama-8B,1,23,460,323.2436180114746,58.84539275906964,16.993683840199594
deepseek-ai/DeepSeek-R1-Distill-Llama-70B,cnn_dailymail,3.0.0,validation,30,deepseek-ai/DeepSeek-R1-Distill-Llama-8B,1,24,512,756.8426132202148,55.39393424987793,18.052518087794127
deepseek-ai/DeepSeek-R1-Distill-Llama-70B,cnn_dailymail,3.0.0,validation,30,deepseek-ai/DeepSeek-R1-Distill-Llama-8B,1,25,449,333.878755569458,62.15121384177889,16.0897903385402
deepseek-ai/DeepSeek-R1-Distill-Llama-70B,cnn_dailymail,3.0.0,validation,30,deepseek-ai/DeepSeek-R1-Distill-Llama-8B,1,26,512,222.57208824157715,64.814718735428,15.428594299421
deepseek-ai/DeepSeek-R1-Distill-Llama-70B,cnn_dailymail,3.0.0,validation,30,deepseek-ai/DeepSeek-R1-Distill-Llama-8B,1,27,512,152.09650993347168,52.55307423391921,19.028382536650394
deepseek-ai/DeepSeek-R1-Distill-Llama-70B,cnn_dailymail,3.0.0,validation,30,deepseek-ai/DeepSeek-R1-Distill-Llama-8B,1,28,512,132.20763206481934,64.55648062047193,15.490311590543604
deepseek-ai/DeepSeek-R1-Distill-Llama-70B,cnn_dailymail,3.0.0,validation,30,deepseek-ai/DeepSeek-R1-Distill-Llama-8B,1,29,490,334.1686725616455,63.461845394048716,15.757499546235657
deepseek-ai/DeepSeek-R1-Distill-Llama-70B,cnn_dailymail,3.0.0,validation,30,meta-llama/Llama-3.1-8B,0,0,512,421.0371971130371,75.87613564881326,13.179374403414817
deepseek-ai/DeepSeek-R1-Distill-Llama-70B,cnn_dailymail,3.0.0,validation,30,meta-llama/Llama-3.1-8B,0,1,512,703.948974609375,71.1110095455222,14.062520085020635
deepseek-ai/DeepSeek-R1-Distill-Llama-70B,cnn_dailymail,3.0.0,validation,30,meta-llama/Llama-3.1-8B,0,2,512,332.3044776916504,72.21334741073579,13.847855498405165
deepseek-ai/DeepSeek-R1-Distill-Llama-70B,cnn_dailymail,3.0.0,validation,30,meta-llama/Llama-3.1-8B,0,3,512,233.2618236541748,70.97597971354445,14.089273639278394
deepseek-ai/DeepSeek-R1-Distill-Llama-70B,cnn_dailymail,3.0.0,validation,30,meta-llama/Llama-3.1-8B,0,4,512,331.42566680908203,77.99509780047691,12.82131862387235
deepseek-ai/DeepSeek-R1-Distill-Llama-70B,cnn_dailymail,3.0.0,validation,30,meta-llama/Llama-3.1-8B,0,5,512,432.2357177734375,80.81044236274614,12.374638360611215
deepseek-ai/DeepSeek-R1-Distill-Llama-70B,cnn_dailymail,3.0.0,validation,30,meta-llama/Llama-3.1-8B,0,6,512,322.65353202819824,75.42906861949108,13.257488370227566
deepseek-ai/DeepSeek-R1-Distill-Llama-70B,cnn_dailymail,3.0.0,validation,30,meta-llama/Llama-3.1-8B,0,7,469,132.13634490966797,73.2174271192306,13.657950563757918
deepseek-ai/DeepSeek-R1-Distill-Llama-70B,cnn_dailymail,3.0.0,validation,30,meta-llama/Llama-3.1-8B,0,8,512,320.90234756469727,80.08644398877765,12.486507705850043
deepseek-ai/DeepSeek-R1-Distill-Llama-70B,cnn_dailymail,3.0.0,validation,30,meta-llama/Llama-3.1-8B,0,9,512,244.0493106842041,76.6968573142871,13.038343877666547
deepseek-ai/DeepSeek-R1-Distill-Llama-70B,cnn_dailymail,3.0.0,validation,30,meta-llama/Llama-3.1-8B,0,10,460,182.41238594055176,77.32070713001659,12.933146075843261
deepseek-ai/DeepSeek-R1-Distill-Llama-70B,cnn_dailymail,3.0.0,validation,30,meta-llama/Llama-3.1-8B,0,11,512,243.88742446899414,82.42062066632475,12.132886065593267
deepseek-ai/DeepSeek-R1-Distill-Llama-70B,cnn_dailymail,3.0.0,validation,30,meta-llama/Llama-3.1-8B,0,12,512,212.6309871673584,71.55879649630731,13.974522336350411
deepseek-ai/DeepSeek-R1-Distill-Llama-70B,cnn_dailymail,3.0.0,validation,30,meta-llama/Llama-3.1-8B,0,13,449,173.07448387145996,71.81522196957043,13.92462450960216
deepseek-ai/DeepSeek-R1-Distill-Llama-70B,cnn_dailymail,3.0.0,validation,30,meta-llama/Llama-3.1-8B,0,14,512,182.36613273620605,78.71066800768828,12.704758139040598
deepseek-ai/DeepSeek-R1-Distill-Llama-70B,cnn_dailymail,3.0.0,validation,30,meta-llama/Llama-3.1-8B,0,15,512,222.78499603271484,73.70534101810941,13.567537795589331
deepseek-ai/DeepSeek-R1-Distill-Llama-70B,cnn_dailymail,3.0.0,validation,30,meta-llama/Llama-3.1-8B,0,16,498,152.29034423828125,73.43401467536296,13.617667567554344
deepseek-ai/DeepSeek-R1-Distill-Llama-70B,cnn_dailymail,3.0.0,validation,30,meta-llama/Llama-3.1-8B,0,17,512,243.696928024292,76.67666545352823,13.041777365841169
deepseek-ai/DeepSeek-R1-Distill-Llama-70B,cnn_dailymail,3.0.0,validation,30,meta-llama/Llama-3.1-8B,0,18,512,422.52111434936523,70.64858901290744,14.154564358211044
deepseek-ai/DeepSeek-R1-Distill-Llama-70B,cnn_dailymail,3.0.0,validation,30,meta-llama/Llama-3.1-8B,0,19,512,343.92714500427246,68.03450752377744,14.69842343828989
deepseek-ai/DeepSeek-R1-Distill-Llama-70B,cnn_dailymail,3.0.0,validation,30,meta-llama/Llama-3.1-8B,0,20,512,132.08842277526855,67.63351780094511,14.785568347089967
deepseek-ai/DeepSeek-R1-Distill-Llama-70B,cnn_dailymail,3.0.0,validation,30,meta-llama/Llama-3.1-8B,0,21,512,111.88364028930664,69.70966678776152,14.345212738494448
deepseek-ai/DeepSeek-R1-Distill-Llama-70B,cnn_dailymail,3.0.0,validation,30,meta-llama/Llama-3.1-8B,0,22,512,182.39378929138184,77.47619119409012,12.907191029755731
deepseek-ai/DeepSeek-R1-Distill-Llama-70B,cnn_dailymail,3.0.0,validation,30,meta-llama/Llama-3.1-8B,0,23,512,322.9498863220215,77.05614104896142,12.977550995768144
deepseek-ai/DeepSeek-R1-Distill-Llama-70B,cnn_dailymail,3.0.0,validation,30,meta-llama/Llama-3.1-8B,0,24,512,322.83759117126465,73.0372534339442,13.691643003859838
deepseek-ai/DeepSeek-R1-Distill-Llama-70B,cnn_dailymail,3.0.0,validation,30,meta-llama/Llama-3.1-8B,0,25,393,232.7420711517334,75.0370548695934,13.326749054022656
deepseek-ai/DeepSeek-R1-Distill-Llama-70B,cnn_dailymail,3.0.0,validation,30,meta-llama/Llama-3.1-8B,0,26,512,222.75304794311523,83.1260494523319,12.02992331030291
deepseek-ai/DeepSeek-R1-Distill-Llama-70B,cnn_dailymail,3.0.0,validation,30,meta-llama/Llama-3.1-8B,0,27,395,152.2696018218994,72.14699239295146,13.860591645365622
deepseek-ai/DeepSeek-R1-Distill-Llama-70B,cnn_dailymail,3.0.0,validation,30,meta-llama/Llama-3.1-8B,0,28,512,615.8149242401123,73.51642905382727,13.602401706261057
deepseek-ai/DeepSeek-R1-Distill-Llama-70B,cnn_dailymail,3.0.0,validation,30,meta-llama/Llama-3.1-8B,0,29,420,232.87630081176758,72.44312222646927,13.803932923733372
deepseek-ai/DeepSeek-R1-Distill-Llama-70B,cnn_dailymail,3.0.0,validation,30,meta-llama/Llama-3.1-8B,1,0,512,421.43917083740234,61.85704854603149,16.16630640331701
deepseek-ai/DeepSeek-R1-Distill-Llama-70B,cnn_dailymail,3.0.0,validation,30,meta-llama/Llama-3.1-8B,1,1,512,704.9610614776611,61.846508205286916,16.169061585186075
deepseek-ai/DeepSeek-R1-Distill-Llama-70B,cnn_dailymail,3.0.0,validation,30,meta-llama/Llama-3.1-8B,1,2,512,332.5669765472412,60.249592693351254,16.597622577958994
deepseek-ai/DeepSeek-R1-Distill-Llama-70B,cnn_dailymail,3.0.0,validation,30,meta-llama/Llama-3.1-8B,1,3,512,235.43381690979004,61.09690572884218,16.36744100328353
deepseek-ai/DeepSeek-R1-Distill-Llama-70B,cnn_dailymail,3.0.0,validation,30,meta-llama/Llama-3.1-8B,1,4,512,331.8748474121094,56.28718975238837,17.76603174539493
deepseek-ai/DeepSeek-R1-Distill-Llama-70B,cnn_dailymail,3.0.0,validation,30,meta-llama/Llama-3.1-8B,1,5,512,432.64222145080566,64.27450515985956,15.558268360259829
deepseek-ai/DeepSeek-R1-Distill-Llama-70B,cnn_dailymail,3.0.0,validation,30,meta-llama/Llama-3.1-8B,1,6,122,323.14181327819824,64.87433181321326,15.414416951209745
deepseek-ai/DeepSeek-R1-Distill-Llama-70B,cnn_dailymail,3.0.0,validation,30,meta-llama/Llama-3.1-8B,1,7,241,132.25436210632324,61.38372222582499,16.290963853920314
deepseek-ai/DeepSeek-R1-Distill-Llama-70B,cnn_dailymail,3.0.0,validation,30,meta-llama/Llama-3.1-8B,1,8,455,331.2714099884033,60.540523297986276,16.517861847310172
deepseek-ai/DeepSeek-R1-Distill-Llama-70B,cnn_dailymail,3.0.0,validation,30,meta-llama/Llama-3.1-8B,1,9,512,244.4438934326172,61.58331322343382,16.238164977773195
deepseek-ai/DeepSeek-R1-Distill-Llama-70B,cnn_dailymail,3.0.0,validation,30,meta-llama/Llama-3.1-8B,1,10,400,182.65175819396973,58.52306516546952,17.087279983927296
deepseek-ai/DeepSeek-R1-Distill-Llama-70B,cnn_dailymail,3.0.0,validation,30,meta-llama/Llama-3.1-8B,1,11,512,244.30418014526367,61.64736197186076,16.221294277871205
deepseek-ai/DeepSeek-R1-Distill-Llama-70B,cnn_dailymail,3.0.0,validation,30,meta-llama/Llama-3.1-8B,1,12,512,212.77618408203125,61.046564882282176,16.380938090920075
deepseek-ai/DeepSeek-R1-Distill-Llama-70B,cnn_dailymail,3.0.0,validation,30,meta-llama/Llama-3.1-8B,1,13,512,182.68084526062012,54.43923767298868,18.36910366024787
deepseek-ai/DeepSeek-R1-Distill-Llama-70B,cnn_dailymail,3.0.0,validation,30,meta-llama/Llama-3.1-8B,1,14,419,182.4018955230713,57.18708038330078,17.486467105811723
deepseek-ai/DeepSeek-R1-Distill-Llama-70B,cnn_dailymail,3.0.0,validation,30,meta-llama/Llama-3.1-8B,1,15,512,222.67460823059082,53.54787132278114,18.67487867019216
deepseek-ai/DeepSeek-R1-Distill-Llama-70B,cnn_dailymail,3.0.0,validation,30,meta-llama/Llama-3.1-8B,1,16,512,152.22549438476562,58.10887846228194,17.20907418044719
deepseek-ai/DeepSeek-R1-Distill-Llama-70B,cnn_dailymail,3.0.0,validation,30,meta-llama/Llama-3.1-8B,1,17,512,244.35186386108398,59.12857932820479,16.912295396940006
deepseek-ai/DeepSeek-R1-Distill-Llama-70B,cnn_dailymail,3.0.0,validation,30,meta-llama/Llama-3.1-8B,1,18,170,421.4322566986084,62.88969587292191,15.90085603245165
deepseek-ai/DeepSeek-R1-Distill-Llama-70B,cnn_dailymail,3.0.0,validation,30,meta-llama/Llama-3.1-8B,1,19,447,344.5560932159424,57.46497167065539,17.40190538561863
deepseek-ai/DeepSeek-R1-Distill-Llama-70B,cnn_dailymail,3.0.0,validation,30,meta-llama/Llama-3.1-8B,1,20,512,132.74550437927246,64.52866776348793,15.496988155175071
deepseek-ai/DeepSeek-R1-Distill-Llama-70B,cnn_dailymail,3.0.0,validation,30,meta-llama/Llama-3.1-8B,1,21,225,112.05410957336426,55.315560528210234,18.078095755533614
deepseek-ai/DeepSeek-R1-Distill-Llama-70B,cnn_dailymail,3.0.0,validation,30,meta-llama/Llama-3.1-8B,1,22,512,182.4471950531006,57.410234107896535,17.41849716412242
deepseek-ai/DeepSeek-R1-Distill-Llama-70B,cnn_dailymail,3.0.0,validation,30,meta-llama/Llama-3.1-8B,1,23,512,323.63152503967285,61.389069734487514,16.28954477279225
deepseek-ai/DeepSeek-R1-Distill-Llama-70B,cnn_dailymail,3.0.0,validation,30,meta-llama/Llama-3.1-8B,1,24,512,323.38523864746094,60.207552172666425,16.60921203260592
deepseek-ai/DeepSeek-R1-Distill-Llama-70B,cnn_dailymail,3.0.0,validation,30,meta-llama/Llama-3.1-8B,1,25,475,233.40916633605957,62.975326670876036,15.87923481884003
deepseek-ai/DeepSeek-R1-Distill-Llama-70B,cnn_dailymail,3.0.0,validation,30,meta-llama/Llama-3.1-8B,1,26,421,222.52464294433594,60.79466967355637,16.448810485682532
deepseek-ai/DeepSeek-R1-Distill-Llama-70B,cnn_dailymail,3.0.0,validation,30,meta-llama/Llama-3.1-8B,1,27,512,152.3137092590332,57.91871934954201,17.265575123734283
deepseek-ai/DeepSeek-R1-Distill-Llama-70B,cnn_dailymail,3.0.0,validation,30,meta-llama/Llama-3.1-8B,1,28,512,133.04924964904785,57.62367519147242,17.353978146607133
deepseek-ai/DeepSeek-R1-Distill-Llama-70B,cnn_dailymail,3.0.0,validation,30,meta-llama/Llama-3.1-8B,1,29,512,233.06918144226074,61.61847973056502,16.22889763545989
deepseek-ai/DeepSeek-R1-Distill-Llama-70B,cnn_dailymail,3.0.0,validation,30,meta-llama/Llama-3.2-3B,0,0,458,403.98359298706055,70.56275394865408,14.171782477873004
deepseek-ai/DeepSeek-R1-Distill-Llama-70B,cnn_dailymail,3.0.0,validation,30,meta-llama/Llama-3.2-3B,0,1,512,666.6977405548096,67.62392133649314,14.787666556987306
deepseek-ai/DeepSeek-R1-Distill-Llama-70B,cnn_dailymail,3.0.0,validation,30,meta-llama/Llama-3.2-3B,0,2,512,314.5134449005127,62.63545301329133,15.965399017514866
deepseek-ai/DeepSeek-R1-Distill-Llama-70B,cnn_dailymail,3.0.0,validation,30,meta-llama/Llama-3.2-3B,0,3,512,232.92803764343262,58.85650733679008,16.990474719775275
deepseek-ai/DeepSeek-R1-Distill-Llama-70B,cnn_dailymail,3.0.0,validation,30,meta-llama/Llama-3.2-3B,0,4,512,313.4877681732178,68.90423517171185,14.512896014417166
deepseek-ai/DeepSeek-R1-Distill-Llama-70B,cnn_dailymail,3.0.0,validation,30,meta-llama/Llama-3.2-3B,0,5,512,404.60205078125,72.86850626921233,13.723349787156401
deepseek-ai/DeepSeek-R1-Distill-Llama-70B,cnn_dailymail,3.0.0,validation,30,meta-llama/Llama-3.2-3B,0,6,512,304.7487735748291,68.38333303447806,14.623446322743762
deepseek-ai/DeepSeek-R1-Distill-Llama-70B,cnn_dailymail,3.0.0,validation,30,meta-llama/Llama-3.2-3B,0,7,469,132.08603858947754,69.21079576524913,14.448612950381678
deepseek-ai/DeepSeek-R1-Distill-Llama-70B,cnn_dailymail,3.0.0,validation,30,meta-llama/Llama-3.2-3B,0,8,512,313.3382797241211,66.95962558753803,14.934372634635993
deepseek-ai/DeepSeek-R1-Distill-Llama-70B,cnn_dailymail,3.0.0,validation,30,meta-llama/Llama-3.2-3B,0,9,512,242.76089668273926,68.97793030785488,14.497390622433983
deepseek-ai/DeepSeek-R1-Distill-Llama-70B,cnn_dailymail,3.0.0,validation,30,meta-llama/Llama-3.2-3B,0,10,460,182.54756927490234,70.01521228964812,14.282610411335593
deepseek-ai/DeepSeek-R1-Distill-Llama-70B,cnn_dailymail,3.0.0,validation,30,meta-llama/Llama-3.2-3B,0,11,512,234.30442810058594,76.68990818255102,13.039525326065347
deepseek-ai/DeepSeek-R1-Distill-Llama-70B,cnn_dailymail,3.0.0,validation,30,meta-llama/Llama-3.2-3B,0,12,512,212.48435974121094,69.0193460878794,14.488691311661263
deepseek-ai/DeepSeek-R1-Distill-Llama-70B,cnn_dailymail,3.0.0,validation,30,meta-llama/Llama-3.2-3B,0,13,435,172.23000526428223,66.46132194501465,15.046345313855308
deepseek-ai/DeepSeek-R1-Distill-Llama-70B,cnn_dailymail,3.0.0,validation,30,meta-llama/Llama-3.2-3B,0,14,512,182.4796199798584,59.74003013566049,16.739194769891355
deepseek-ai/DeepSeek-R1-Distill-Llama-70B,cnn_dailymail,3.0.0,validation,30,meta-llama/Llama-3.2-3B,0,15,512,212.5835418701172,69.95672349127305,14.29455168987078
deepseek-ai/DeepSeek-R1-Distill-Llama-70B,cnn_dailymail,3.0.0,validation,30,meta-llama/Llama-3.2-3B,0,16,498,152.30298042297363,65.44144724456358,15.280835649353294
deepseek-ai/DeepSeek-R1-Distill-Llama-70B,cnn_dailymail,3.0.0,validation,30,meta-llama/Llama-3.2-3B,0,17,512,232.84482955932617,70.51411346913316,14.18155814208371
deepseek-ai/DeepSeek-R1-Distill-Llama-70B,cnn_dailymail,3.0.0,validation,30,meta-llama/Llama-3.2-3B,0,18,512,394.24824714660645,62.7667213372755,15.932009489973574
deepseek-ai/DeepSeek-R1-Distill-Llama-70B,cnn_dailymail,3.0.0,validation,30,meta-llama/Llama-3.2-3B,0,19,512,323.4562873840332,65.6587503660915,15.230262446731478
deepseek-ai/DeepSeek-R1-Distill-Llama-70B,cnn_dailymail,3.0.0,validation,30,meta-llama/Llama-3.2-3B,0,20,512,132.04312324523926,68.28564067176177,14.644367251481775
deepseek-ai/DeepSeek-R1-Distill-Llama-70B,cnn_dailymail,3.0.0,validation,30,meta-llama/Llama-3.2-3B,0,21,512,103.16252708435059,61.255976645213984,16.324937659419906
deepseek-ai/DeepSeek-R1-Distill-Llama-70B,cnn_dailymail,3.0.0,validation,30,meta-llama/Llama-3.2-3B,0,22,512,182.3420524597168,69.96860009583474,14.292125305212878
deepseek-ai/DeepSeek-R1-Distill-Llama-70B,cnn_dailymail,3.0.0,validation,30,meta-llama/Llama-3.2-3B,0,23,512,313.3211135864258,69.36558352057948,14.416371192254422
deepseek-ai/DeepSeek-R1-Distill-Llama-70B,cnn_dailymail,3.0.0,validation,30,meta-llama/Llama-3.2-3B,0,24,512,313.41052055358887,65.46709635486341,15.274848827562398
deepseek-ai/DeepSeek-R1-Distill-Llama-70B,cnn_dailymail,3.0.0,validation,30,meta-llama/Llama-3.2-3B,0,25,393,232.66291618347168,62.082831956902325,16.107512632384367
deepseek-ai/DeepSeek-R1-Distill-Llama-70B,cnn_dailymail,3.0.0,validation,30,meta-llama/Llama-3.2-3B,0,26,512,212.7377986907959,68.60293660845075,14.576635482930865
deepseek-ai/DeepSeek-R1-Distill-Llama-70B,cnn_dailymail,3.0.0,validation,30,meta-llama/Llama-3.2-3B,0,27,395,142.49134063720703,68.61493732723488,14.574086036555725
deepseek-ai/DeepSeek-R1-Distill-Llama-70B,cnn_dailymail,3.0.0,validation,30,meta-llama/Llama-3.2-3B,0,28,512,131.98471069335938,63.362078190783,15.782310627328279
deepseek-ai/DeepSeek-R1-Distill-Llama-70B,cnn_dailymail,3.0.0,validation,30,meta-llama/Llama-3.2-3B,0,29,420,222.7153778076172,64.96604416421603,15.39265646946702
deepseek-ai/DeepSeek-R1-Distill-Llama-70B,cnn_dailymail,3.0.0,validation,30,meta-llama/Llama-3.2-3B,1,0,372,403.93853187561035,60.24150064370703,16.599852083938124
deepseek-ai/DeepSeek-R1-Distill-Llama-70B,cnn_dailymail,3.0.0,validation,30,meta-llama/Llama-3.2-3B,1,1,512,667.0513153076172,67.1630474919209,14.889139747869402
deepseek-ai/DeepSeek-R1-Distill-Llama-70B,cnn_dailymail,3.0.0,validation,30,meta-llama/Llama-3.2-3B,1,2,512,323.28152656555176,57.47768603658956,17.398055992779753
deepseek-ai/DeepSeek-R1-Distill-Llama-70B,cnn_dailymail,3.0.0,validation,30,meta-llama/Llama-3.2-3B,1,3,512,232.8331470489502,55.376543224207815,18.058187488359707
deepseek-ai/DeepSeek-R1-Distill-Llama-70B,cnn_dailymail,3.0.0,validation,30,meta-llama/Llama-3.2-3B,1,4,512,313.3828639984131,61.240613810470194,16.32903293710998
deepseek-ai/DeepSeek-R1-Distill-Llama-70B,cnn_dailymail,3.0.0,validation,30,meta-llama/Llama-3.2-3B,1,5,342,413.9723777770996,63.25849340108833,15.808153913175484
deepseek-ai/DeepSeek-R1-Distill-Llama-70B,cnn_dailymail,3.0.0,validation,30,meta-llama/Llama-3.2-3B,1,6,512,313.1132125854492,57.39676602432639,17.422584393973896
deepseek-ai/DeepSeek-R1-Distill-Llama-70B,cnn_dailymail,3.0.0,validation,30,meta-llama/Llama-3.2-3B,1,7,418,132.04479217529297,56.429655431843486,17.721178560230864
deepseek-ai/DeepSeek-R1-Distill-Llama-70B,cnn_dailymail,3.0.0,validation,30,meta-llama/Llama-3.2-3B,1,8,512,313.1856918334961,56.31675458934209,17.756705039058648
deepseek-ai/DeepSeek-R1-Distill-Llama-70B,cnn_dailymail,3.0.0,validation,30,meta-llama/Llama-3.2-3B,1,9,441,242.75827407836914,53.27293601903049,18.77125750386226
deepseek-ai/DeepSeek-R1-Distill-Llama-70B,cnn_dailymail,3.0.0,validation,30,meta-llama/Llama-3.2-3B,1,10,289,182.26099014282227,57.47808598809772,17.39793493135932
deepseek-ai/DeepSeek-R1-Distill-Llama-70B,cnn_dailymail,3.0.0,validation,30,meta-llama/Llama-3.2-3B,1,11,512,243.00789833068848,51.82245379558048,19.296654765608224
deepseek-ai/DeepSeek-R1-Distill-Llama-70B,cnn_dailymail,3.0.0,validation,30,meta-llama/Llama-3.2-3B,1,12,484,212.53705024719238,58.16761159008335,17.191697796484465
deepseek-ai/DeepSeek-R1-Distill-Llama-70B,cnn_dailymail,3.0.0,validation,30,meta-llama/Llama-3.2-3B,1,13,297,172.27435111999512,60.4725681446694,16.53642355005803
deepseek-ai/DeepSeek-R1-Distill-Llama-70B,cnn_dailymail,3.0.0,validation,30,meta-llama/Llama-3.2-3B,1,14,318,182.53231048583984,62.49193964696457,16.002063716525612
deepseek-ai/DeepSeek-R1-Distill-Llama-70B,cnn_dailymail,3.0.0,validation,30,meta-llama/Llama-3.2-3B,1,15,512,212.89443969726562,49.119224287059204,20.358627696477217
deepseek-ai/DeepSeek-R1-Distill-Llama-70B,cnn_dailymail,3.0.0,validation,30,meta-llama/Llama-3.2-3B,1,16,413,152.21118927001953,55.343490202450056,18.068972454428433
deepseek-ai/DeepSeek-R1-Distill-Llama-70B,cnn_dailymail,3.0.0,validation,30,meta-llama/Llama-3.2-3B,1,17,512,232.71799087524414,59.17110835036186,16.900139745208683
deepseek-ai/DeepSeek-R1-Distill-Llama-70B,cnn_dailymail,3.0.0,validation,30,meta-llama/Llama-3.2-3B,1,18,177,403.83243560791016,53.768251429904595,18.59833588420962
deepseek-ai/DeepSeek-R1-Distill-Llama-70B,cnn_dailymail,3.0.0,validation,30,meta-llama/Llama-3.2-3B,1,19,512,323.488712310791,52.67413115081489,18.98465106404569
deepseek-ai/DeepSeek-R1-Distill-Llama-70B,cnn_dailymail,3.0.0,validation,30,meta-llama/Llama-3.2-3B,1,20,512,132.06076622009277,57.25615831737183,17.465370178295643
deepseek-ai/DeepSeek-R1-Distill-Llama-70B,cnn_dailymail,3.0.0,validation,30,meta-llama/Llama-3.2-3B,1,21,512,111.81235313415527,55.41260788352056,18.046434524468484
deepseek-ai/DeepSeek-R1-Distill-Llama-70B,cnn_dailymail,3.0.0,validation,30,meta-llama/Llama-3.2-3B,1,22,512,182.28936195373535,51.373408965168636,19.465323017166405
deepseek-ai/DeepSeek-R1-Distill-Llama-70B,cnn_dailymail,3.0.0,validation,30,meta-llama/Llama-3.2-3B,1,23,512,313.457727432251,56.80689279813823,17.60349758177187
deepseek-ai/DeepSeek-R1-Distill-Llama-70B,cnn_dailymail,3.0.0,validation,30,meta-llama/Llama-3.2-3B,1,24,457,313.2894039154053,57.52746734702796,17.383000610258275
deepseek-ai/DeepSeek-R1-Distill-Llama-70B,cnn_dailymail,3.0.0,validation,30,meta-llama/Llama-3.2-3B,1,25,410,232.68842697143555,60.96508683668664,16.402830732920982
deepseek-ai/DeepSeek-R1-Distill-Llama-70B,cnn_dailymail,3.0.0,validation,30,meta-llama/Llama-3.2-3B,1,26,512,212.9518985748291,58.580294047316464,17.070586897229983
deepseek-ai/DeepSeek-R1-Distill-Llama-70B,cnn_dailymail,3.0.0,validation,30,meta-llama/Llama-3.2-3B,1,27,495,142.18544960021973,50.80468548454254,19.683223908634425
deepseek-ai/DeepSeek-R1-Distill-Llama-70B,cnn_dailymail,3.0.0,validation,30,meta-llama/Llama-3.2-3B,1,28,512,293.4718132019043,56.373851873170146,17.738720466534723
deepseek-ai/DeepSeek-R1-Distill-Llama-70B,cnn_dailymail,3.0.0,validation,30,meta-llama/Llama-3.2-3B,1,29,512,232.94711112976074,56.94833100425287,17.559777123675854
deepseek-ai/DeepSeek-R1-Distill-Llama-70B,cnn_dailymail,3.0.0,validation,30,meta-llama/Llama-3.2-1B,0,0,512,383.9292526245117,52.13943479579022,19.179341009671642
deepseek-ai/DeepSeek-R1-Distill-Llama-70B,cnn_dailymail,3.0.0,validation,30,meta-llama/Llama-3.2-1B,0,1,512,645.5843448638916,54.62561241567951,18.30643091724797
deepseek-ai/DeepSeek-R1-Distill-Llama-70B,cnn_dailymail,3.0.0,validation,30,meta-llama/Llama-3.2-1B,0,2,512,313.2493495941162,50.4421389966095,19.824694588530743
deepseek-ai/DeepSeek-R1-Distill-Llama-70B,cnn_dailymail,3.0.0,validation,30,meta-llama/Llama-3.2-1B,0,3,512,222.82004356384277,50.06067580206287,19.975759095900834
deepseek-ai/DeepSeek-R1-Distill-Llama-70B,cnn_dailymail,3.0.0,validation,30,meta-llama/Llama-3.2-1B,0,4,512,303.3292293548584,47.63356206934979,20.993601077830334
deepseek-ai/DeepSeek-R1-Distill-Llama-70B,cnn_dailymail,3.0.0,validation,30,meta-llama/Llama-3.2-1B,0,5,512,394.1957950592041,57.007267983692266,17.541622943342315
deepseek-ai/DeepSeek-R1-Distill-Llama-70B,cnn_dailymail,3.0.0,validation,30,meta-llama/Llama-3.2-1B,0,6,512,303.2653331756592,51.58391390761284,19.385888433960385
deepseek-ai/DeepSeek-R1-Distill-Llama-70B,cnn_dailymail,3.0.0,validation,30,meta-llama/Llama-3.2-1B,0,7,469,121.83308601379395,50.45217479396071,19.820751118933
deepseek-ai/DeepSeek-R1-Distill-Llama-70B,cnn_dailymail,3.0.0,validation,30,meta-llama/Llama-3.2-1B,0,8,512,303.45916748046875,49.83738210569856,20.065259404659958
deepseek-ai/DeepSeek-R1-Distill-Llama-70B,cnn_dailymail,3.0.0,validation,30,meta-llama/Llama-3.2-1B,0,9,512,232.88774490356445,52.79362038390277,18.941682588317217
deepseek-ai/DeepSeek-R1-Distill-Llama-70B,cnn_dailymail,3.0.0,validation,30,meta-llama/Llama-3.2-1B,0,10,460,172.29104042053223,54.666283343612236,18.29281119615113
deepseek-ai/DeepSeek-R1-Distill-Llama-70B,cnn_dailymail,3.0.0,validation,30,meta-llama/Llama-3.2-1B,0,11,512,232.76591300964355,49.700604492904155,20.120479624000787
deepseek-ai/DeepSeek-R1-Distill-Llama-70B,cnn_dailymail,3.0.0,validation,30,meta-llama/Llama-3.2-1B,0,12,512,202.73256301879883,57.426006593349626,17.413713042616614
deepseek-ai/DeepSeek-R1-Distill-Llama-70B,cnn_dailymail,3.0.0,validation,30,meta-llama/Llama-3.2-1B,0,13,449,162.4162197113037,52.943382412195206,18.888101863504204
deepseek-ai/DeepSeek-R1-Distill-Llama-70B,cnn_dailymail,3.0.0,validation,30,meta-llama/Llama-3.2-1B,0,14,512,172.2109317779541,45.19259673042073,22.127518052682834
deepseek-ai/DeepSeek-R1-Distill-Llama-70B,cnn_dailymail,3.0.0,validation,30,meta-llama/Llama-3.2-1B,0,15,512,202.65555381774902,51.06115901073598,19.58435764824184
deepseek-ai/DeepSeek-R1-Distill-Llama-70B,cnn_dailymail,3.0.0,validation,30,meta-llama/Llama-3.2-1B,0,16,498,142.23814010620117,48.84398679138429,20.473349242989975
deepseek-ai/DeepSeek-R1-Distill-Llama-70B,cnn_dailymail,3.0.0,validation,30,meta-llama/Llama-3.2-1B,0,17,512,222.95475006103516,55.08040868606119,18.155275602613003
deepseek-ai/DeepSeek-R1-Distill-Llama-70B,cnn_dailymail,3.0.0,validation,30,meta-llama/Llama-3.2-1B,0,18,512,384.34839248657227,51.63426268590639,19.366985175774587
deepseek-ai/DeepSeek-R1-Distill-Llama-70B,cnn_dailymail,3.0.0,validation,30,meta-llama/Llama-3.2-1B,0,19,512,313.2295608520508,51.546288096508164,19.400039012076636
deepseek-ai/DeepSeek-R1-Distill-Llama-70B,cnn_dailymail,3.0.0,validation,30,meta-llama/Llama-3.2-1B,0,20,464,121.74463272094727,52.197789527942504,19.15789938699761
deepseek-ai/DeepSeek-R1-Distill-Llama-70B,cnn_dailymail,3.0.0,validation,30,meta-llama/Llama-3.2-1B,0,21,512,101.81641578674316,45.869016367395325,21.801208728574814
deepseek-ai/DeepSeek-R1-Distill-Llama-70B,cnn_dailymail,3.0.0,validation,30,meta-llama/Llama-3.2-1B,0,22,512,172.43552207946777,52.24842707938177,19.139332146414397
deepseek-ai/DeepSeek-R1-Distill-Llama-70B,cnn_dailymail,3.0.0,validation,30,meta-llama/Llama-3.2-1B,0,23,512,303.2526969909668,52.709704975792576,18.971838306802503
deepseek-ai/DeepSeek-R1-Distill-Llama-70B,cnn_dailymail,3.0.0,validation,30,meta-llama/Llama-3.2-1B,0,24,512,303.3771514892578,49.381144592673344,20.25064441597349
deepseek-ai/DeepSeek-R1-Distill-Llama-70B,cnn_dailymail,3.0.0,validation,30,meta-llama/Llama-3.2-1B,0,25,393,222.72372245788574,51.14489124745739,19.552294972368603
deepseek-ai/DeepSeek-R1-Distill-Llama-70B,cnn_dailymail,3.0.0,validation,30,meta-llama/Llama-3.2-1B,0,26,512,202.5001049041748,54.03561694748014,18.506312252748938
deepseek-ai/DeepSeek-R1-Distill-Llama-70B,cnn_dailymail,3.0.0,validation,30,meta-llama/Llama-3.2-1B,0,27,395,132.39216804504395,45.56946645533373,21.944518507368958
deepseek-ai/DeepSeek-R1-Distill-Llama-70B,cnn_dailymail,3.0.0,validation,30,meta-llama/Llama-3.2-1B,0,28,512,122.09463119506836,55.38225267264708,18.05632583980993
deepseek-ai/DeepSeek-R1-Distill-Llama-70B,cnn_dailymail,3.0.0,validation,30,meta-llama/Llama-3.2-1B,0,29,420,214.36572074890137,55.002672860047696,18.180934634657913
deepseek-ai/DeepSeek-R1-Distill-Llama-70B,cnn_dailymail,3.0.0,validation,30,meta-llama/Llama-3.2-1B,1,0,498,393.79405975341797,54.38959814413213,18.385868513865567
deepseek-ai/DeepSeek-R1-Distill-Llama-70B,cnn_dailymail,3.0.0,validation,30,meta-llama/Llama-3.2-1B,1,1,512,645.6997394561768,59.84594537320669,16.709569775594264
deepseek-ai/DeepSeek-R1-Distill-Llama-70B,cnn_dailymail,3.0.0,validation,30,meta-llama/Llama-3.2-1B,1,2,512,313.25745582580566,53.87725382168466,18.560708444971212
deepseek-ai/DeepSeek-R1-Distill-Llama-70B,cnn_dailymail,3.0.0,validation,30,meta-llama/Llama-3.2-1B,1,3,512,222.5964069366455,53.43635908078308,18.71384984310472
deepseek-ai/DeepSeek-R1-Distill-Llama-70B,cnn_dailymail,3.0.0,validation,30,meta-llama/Llama-3.2-1B,1,4,512,303.15232276916504,53.07171256108293,18.84242945522154
deepseek-ai/DeepSeek-R1-Distill-Llama-70B,cnn_dailymail,3.0.0,validation,30,meta-llama/Llama-3.2-1B,1,5,512,393.8636779785156,55.88150537643881,17.8950082547638
deepseek-ai/DeepSeek-R1-Distill-Llama-70B,cnn_dailymail,3.0.0,validation,30,meta-llama/Llama-3.2-1B,1,6,474,303.3032417297363,53.67868546451625,18.629368274322587
deepseek-ai/DeepSeek-R1-Distill-Llama-70B,cnn_dailymail,3.0.0,validation,30,meta-llama/Llama-3.2-1B,1,7,504,122.18809127807617,46.62336506853047,21.448473282229333
deepseek-ai/DeepSeek-R1-Distill-Llama-70B,cnn_dailymail,3.0.0,validation,30,meta-llama/Llama-3.2-1B,1,8,512,303.3885955810547,47.95255912959925,20.853944359827477
deepseek-ai/DeepSeek-R1-Distill-Llama-70B,cnn_dailymail,3.0.0,validation,30,meta-llama/Llama-3.2-1B,1,9,493,232.92231559753418,51.90013336941478,19.26777322289713
deepseek-ai/DeepSeek-R1-Distill-Llama-70B,cnn_dailymail,3.0.0,validation,30,meta-llama/Llama-3.2-1B,1,10,512,172.31345176696777,56.1788604684072,17.800289853909746
deepseek-ai/DeepSeek-R1-Distill-Llama-70B,cnn_dailymail,3.0.0,validation,30,meta-llama/Llama-3.2-1B,1,11,407,232.67579078674316,52.89324927212569,18.906004334413083
deepseek-ai/DeepSeek-R1-Distill-Llama-70B,cnn_dailymail,3.0.0,validation,30,meta-llama/Llama-3.2-1B,1,12,512,202.49581336975098,52.49302914464544,19.050148491992772
deepseek-ai/DeepSeek-R1-Distill-Llama-70B,cnn_dailymail,3.0.0,validation,30,meta-llama/Llama-3.2-1B,1,13,512,162.22143173217773,52.34028541878479,19.105742202183382
deepseek-ai/DeepSeek-R1-Distill-Llama-70B,cnn_dailymail,3.0.0,validation,30,meta-llama/Llama-3.2-1B,1,14,512,172.22857475280762,51.50494790123867,19.415610358785557
deepseek-ai/DeepSeek-R1-Distill-Llama-70B,cnn_dailymail,3.0.0,validation,30,meta-llama/Llama-3.2-1B,1,15,512,212.4345302581787,45.69806884646182,21.88276277844124
deepseek-ai/DeepSeek-R1-Distill-Llama-70B,cnn_dailymail,3.0.0,validation,30,meta-llama/Llama-3.2-1B,1,16,340,142.33899116516113,51.3447969712339,19.476170108536092
deepseek-ai/DeepSeek-R1-Distill-Llama-70B,cnn_dailymail,3.0.0,validation,30,meta-llama/Llama-3.2-1B,1,17,359,223.69766235351562,50.77873728128785,19.693282140131192
deepseek-ai/DeepSeek-R1-Distill-Llama-70B,cnn_dailymail,3.0.0,validation,30,meta-llama/Llama-3.2-1B,1,18,507,393.89729499816895,54.473622514325164,18.357508714185947
deepseek-ai/DeepSeek-R1-Distill-Llama-70B,cnn_dailymail,3.0.0,validation,30,meta-llama/Llama-3.2-1B,1,19,512,314.46385383605957,52.34286976420483,19.10479888674082
deepseek-ai/DeepSeek-R1-Distill-Llama-70B,cnn_dailymail,3.0.0,validation,30,meta-llama/Llama-3.2-1B,1,20,512,121.79112434387207,43.47579073299401,23.00130677648825
deepseek-ai/DeepSeek-R1-Distill-Llama-70B,cnn_dailymail,3.0.0,validation,30,meta-llama/Llama-3.2-1B,1,21,512,102.03790664672852,45.092426867401066,22.176672879918467
deepseek-ai/DeepSeek-R1-Distill-Llama-70B,cnn_dailymail,3.0.0,validation,30,meta-llama/Llama-3.2-1B,1,22,512,172.3036766052246,48.61436897994487,20.570049986919194
deepseek-ai/DeepSeek-R1-Distill-Llama-70B,cnn_dailymail,3.0.0,validation,30,meta-llama/Llama-3.2-1B,1,23,495,303.24745178222656,52.75377474333111,18.955989497726236
deepseek-ai/DeepSeek-R1-Distill-Llama-70B,cnn_dailymail,3.0.0,validation,30,meta-llama/Llama-3.2-1B,1,24,190,303.0972480773926,54.56038757606789,18.328315549551473
deepseek-ai/DeepSeek-R1-Distill-Llama-70B,cnn_dailymail,3.0.0,validation,30,meta-llama/Llama-3.2-1B,1,25,512,222.7649688720703,52.43570463997977,19.070974765494938
deepseek-ai/DeepSeek-R1-Distill-Llama-70B,cnn_dailymail,3.0.0,validation,30,meta-llama/Llama-3.2-1B,1,26,512,222.6700782775879,47.183278955358816,21.193948833995258
deepseek-ai/DeepSeek-R1-Distill-Llama-70B,cnn_dailymail,3.0.0,validation,30,meta-llama/Llama-3.2-1B,1,27,488,142.20261573791504,49.67096894673499,20.13248424995206
deepseek-ai/DeepSeek-R1-Distill-Llama-70B,cnn_dailymail,3.0.0,validation,30,meta-llama/Llama-3.2-1B,1,28,512,232.84554481506348,53.38751313271121,18.730971744538653
deepseek-ai/DeepSeek-R1-Distill-Llama-70B,cnn_dailymail,3.0.0,validation,30,meta-llama/Llama-3.2-1B,1,29,395,222.57471084594727,50.15937628479779,19.936452046814587
deepseek-ai/DeepSeek-R1-Distill-Llama-70B,cnn_dailymail,3.0.0,validation,30,deepseek-ai/DeepSeek-R1-Distill-Qwen-1.5B,0,0,512,403.99861335754395,65.01141826233984,15.381913311977154
deepseek-ai/DeepSeek-R1-Distill-Llama-70B,cnn_dailymail,3.0.0,validation,30,deepseek-ai/DeepSeek-R1-Distill-Qwen-1.5B,0,1,512,686.1073970794678,75.42386680199908,13.258402709916423
deepseek-ai/DeepSeek-R1-Distill-Llama-70B,cnn_dailymail,3.0.0,validation,30,deepseek-ai/DeepSeek-R1-Distill-Qwen-1.5B,0,2,512,323.3811855316162,92.60725555121316,10.798289983304661
deepseek-ai/DeepSeek-R1-Distill-Llama-70B,cnn_dailymail,3.0.0,validation,30,deepseek-ai/DeepSeek-R1-Distill-Qwen-1.5B,0,3,512,414.17741775512695,66.00169332993241,15.151126426425948
deepseek-ai/DeepSeek-R1-Distill-Llama-70B,cnn_dailymail,3.0.0,validation,30,deepseek-ai/DeepSeek-R1-Distill-Qwen-1.5B,0,4,512,323.3511447906494,79.68297723221453,12.549731884211228
deepseek-ai/DeepSeek-R1-Distill-Llama-70B,cnn_dailymail,3.0.0,validation,30,deepseek-ai/DeepSeek-R1-Distill-Qwen-1.5B,0,5,512,414.043664932251,66.19097248682071,15.107800390742259
deepseek-ai/DeepSeek-R1-Distill-Llama-70B,cnn_dailymail,3.0.0,validation,30,deepseek-ai/DeepSeek-R1-Distill-Qwen-1.5B,0,6,512,313.5073184967041,79.79982939718288,12.531355111334392
deepseek-ai/DeepSeek-R1-Distill-Llama-70B,cnn_dailymail,3.0.0,validation,30,deepseek-ai/DeepSeek-R1-Distill-Qwen-1.5B,0,7,506,132.09795951843262,69.6319089077487,14.361232022589565
deepseek-ai/DeepSeek-R1-Distill-Llama-70B,cnn_dailymail,3.0.0,validation,30,deepseek-ai/DeepSeek-R1-Distill-Qwen-1.5B,0,8,512,354.3262481689453,82.54359566302215,12.114810264413762
deepseek-ai/DeepSeek-R1-Distill-Llama-70B,cnn_dailymail,3.0.0,validation,30,deepseek-ai/DeepSeek-R1-Distill-Qwen-1.5B,0,9,512,596.1380004882812,69.03158428617654,14.486122697900306
deepseek-ai/DeepSeek-R1-Distill-Llama-70B,cnn_dailymail,3.0.0,validation,30,deepseek-ai/DeepSeek-R1-Distill-Qwen-1.5B,0,10,460,353.78432273864746,77.21948623657227,12.950099110169754
deepseek-ai/DeepSeek-R1-Distill-Llama-70B,cnn_dailymail,3.0.0,validation,30,deepseek-ai/DeepSeek-R1-Distill-Qwen-1.5B,0,11,512,242.8443431854248,63.367040656550756,15.781074666560462
deepseek-ai/DeepSeek-R1-Distill-Llama-70B,cnn_dailymail,3.0.0,validation,30,deepseek-ai/DeepSeek-R1-Distill-Qwen-1.5B,0,12,512,213.12856674194336,75.4800705993712,13.248530268443213
deepseek-ai/DeepSeek-R1-Distill-Llama-70B,cnn_dailymail,3.0.0,validation,30,deepseek-ai/DeepSeek-R1-Distill-Qwen-1.5B,0,13,449,172.3487377166748,60.19401816385133,16.61294644391319
deepseek-ai/DeepSeek-R1-Distill-Llama-70B,cnn_dailymail,3.0.0,validation,30,deepseek-ai/DeepSeek-R1-Distill-Qwen-1.5B,0,14,512,182.4166774749756,61.13202697843488,16.358037667436793
deepseek-ai/DeepSeek-R1-Distill-Llama-70B,cnn_dailymail,3.0.0,validation,30,deepseek-ai/DeepSeek-R1-Distill-Qwen-1.5B,0,15,512,222.7649688720703,66.2283132220901,15.099282336341544
deepseek-ai/DeepSeek-R1-Distill-Llama-70B,cnn_dailymail,3.0.0,validation,30,deepseek-ai/DeepSeek-R1-Distill-Qwen-1.5B,0,16,498,152.23932266235352,87.33067905878877,11.450729695194807
deepseek-ai/DeepSeek-R1-Distill-Llama-70B,cnn_dailymail,3.0.0,validation,30,deepseek-ai/DeepSeek-R1-Distill-Qwen-1.5B,0,17,512,242.87176132202148,70.85667337690082,14.112996734701333
deepseek-ai/DeepSeek-R1-Distill-Llama-70B,cnn_dailymail,3.0.0,validation,30,deepseek-ai/DeepSeek-R1-Distill-Qwen-1.5B,0,18,512,403.9273262023926,83.57636475982964,11.96510524086162
deepseek-ai/DeepSeek-R1-Distill-Llama-70B,cnn_dailymail,3.0.0,validation,30,deepseek-ai/DeepSeek-R1-Distill-Qwen-1.5B,0,19,512,333.4391117095947,72.99023131801657,13.700463499602098
deepseek-ai/DeepSeek-R1-Distill-Llama-70B,cnn_dailymail,3.0.0,validation,30,deepseek-ai/DeepSeek-R1-Distill-Qwen-1.5B,0,20,512,132.06005096435547,63.64988020954766,15.7109486570565
deepseek-ai/DeepSeek-R1-Distill-Llama-70B,cnn_dailymail,3.0.0,validation,30,deepseek-ai/DeepSeek-R1-Distill-Qwen-1.5B,0,21,512,111.83595657348633,69.799465209304,14.326757332614974
deepseek-ai/DeepSeek-R1-Distill-Llama-70B,cnn_dailymail,3.0.0,validation,30,deepseek-ai/DeepSeek-R1-Distill-Qwen-1.5B,0,22,512,182.21092224121094,71.63783715429138,13.959103732378612
deepseek-ai/DeepSeek-R1-Distill-Llama-70B,cnn_dailymail,3.0.0,validation,30,deepseek-ai/DeepSeek-R1-Distill-Qwen-1.5B,0,23,512,313.24291229248047,65.3849749182535,15.294033548995525
deepseek-ai/DeepSeek-R1-Distill-Llama-70B,cnn_dailymail,3.0.0,validation,30,deepseek-ai/DeepSeek-R1-Distill-Qwen-1.5B,0,24,512,686.3296031951904,81.81713378592713,12.222378782132354
deepseek-ai/DeepSeek-R1-Distill-Llama-70B,cnn_dailymail,3.0.0,validation,30,deepseek-ai/DeepSeek-R1-Distill-Qwen-1.5B,0,25,393,232.7885627746582,71.75880609726418,13.935571874545515
deepseek-ai/DeepSeek-R1-Distill-Llama-70B,cnn_dailymail,3.0.0,validation,30,deepseek-ai/DeepSeek-R1-Distill-Qwen-1.5B,0,26,512,212.59427070617676,80.02859878913297,12.495533036069967
deepseek-ai/DeepSeek-R1-Distill-Llama-70B,cnn_dailymail,3.0.0,validation,30,deepseek-ai/DeepSeek-R1-Distill-Qwen-1.5B,0,27,395,152.18138694763184,80.98178829638486,12.348455387773171
deepseek-ai/DeepSeek-R1-Distill-Llama-70B,cnn_dailymail,3.0.0,validation,30,deepseek-ai/DeepSeek-R1-Distill-Qwen-1.5B,0,28,512,182.8913688659668,65.72342898747692,15.215274300288595
deepseek-ai/DeepSeek-R1-Distill-Llama-70B,cnn_dailymail,3.0.0,validation,30,deepseek-ai/DeepSeek-R1-Distill-Qwen-1.5B,0,29,420,232.6498031616211,92.07361296423865,10.860874986934634
deepseek-ai/DeepSeek-R1-Distill-Llama-70B,cnn_dailymail,3.0.0,validation,30,deepseek-ai/DeepSeek-R1-Distill-Qwen-1.5B,1,0,512,402.88734436035156,57.76817318044763,17.310569902848556
deepseek-ai/DeepSeek-R1-Distill-Llama-70B,cnn_dailymail,3.0.0,validation,30,deepseek-ai/DeepSeek-R1-Distill-Qwen-1.5B,1,1,512,682.4851036071777,68.18517640145558,14.665944311887893
deepseek-ai/DeepSeek-R1-Distill-Llama-70B,cnn_dailymail,3.0.0,validation,30,deepseek-ai/DeepSeek-R1-Distill-Qwen-1.5B,1,2,512,331.44116401672363,65.45931159166906,15.276665392357547
deepseek-ai/DeepSeek-R1-Distill-Llama-70B,cnn_dailymail,3.0.0,validation,30,deepseek-ai/DeepSeek-R1-Distill-Qwen-1.5B,1,3,512,231.4472198486328,59.89715591102197,16.69528352039809
deepseek-ai/DeepSeek-R1-Distill-Llama-70B,cnn_dailymail,3.0.0,validation,30,deepseek-ai/DeepSeek-R1-Distill-Qwen-1.5B,1,4,512,323.53949546813965,59.78424161847557,16.726815845247128
deepseek-ai/DeepSeek-R1-Distill-Llama-70B,cnn_dailymail,3.0.0,validation,30,deepseek-ai/DeepSeek-R1-Distill-Qwen-1.5B,1,5,512,472.2552299499512,62.310768433513005,16.048590398416007
deepseek-ai/DeepSeek-R1-Distill-Llama-70B,cnn_dailymail,3.0.0,validation,30,deepseek-ai/DeepSeek-R1-Distill-Qwen-1.5B,1,6,512,329.61487770080566,62.23889153064347,16.06712419528949
deepseek-ai/DeepSeek-R1-Distill-Llama-70B,cnn_dailymail,3.0.0,validation,30,deepseek-ai/DeepSeek-R1-Distill-Qwen-1.5B,1,7,512,176.3005256652832,54.78336666428179,18.25371569673884
deepseek-ai/DeepSeek-R1-Distill-Llama-70B,cnn_dailymail,3.0.0,validation,30,deepseek-ai/DeepSeek-R1-Distill-Qwen-1.5B,1,8,512,320.96147537231445,61.51446670935346,16.256338606085112
deepseek-ai/DeepSeek-R1-Distill-Llama-70B,cnn_dailymail,3.0.0,validation,30,deepseek-ai/DeepSeek-R1-Distill-Qwen-1.5B,1,9,445,660.5968475341797,59.17972165185052,16.89768001753909
deepseek-ai/DeepSeek-R1-Distill-Llama-70B,cnn_dailymail,3.0.0,validation,30,deepseek-ai/DeepSeek-R1-Distill-Qwen-1.5B,1,10,512,241.6081428527832,60.77963685336178,16.452878822106502
deepseek-ai/DeepSeek-R1-Distill-Llama-70B,cnn_dailymail,3.0.0,validation,30,deepseek-ai/DeepSeek-R1-Distill-Qwen-1.5B,1,11,512,245.33748626708984,58.07240975113064,17.2198812531717
deepseek-ai/DeepSeek-R1-Distill-Llama-70B,cnn_dailymail,3.0.0,validation,30,deepseek-ai/DeepSeek-R1-Distill-Qwen-1.5B,1,12,512,219.00415420532227,62.290950297376185,16.053696327091064
deepseek-ai/DeepSeek-R1-Distill-Llama-70B,cnn_dailymail,3.0.0,validation,30,deepseek-ai/DeepSeek-R1-Distill-Qwen-1.5B,1,13,512,220.89171409606934,56.40837171073063,17.72786502556976
deepseek-ai/DeepSeek-R1-Distill-Llama-70B,cnn_dailymail,3.0.0,validation,30,deepseek-ai/DeepSeek-R1-Distill-Qwen-1.5B,1,14,512,287.04118728637695,59.90607164610622,16.692798785196224
deepseek-ai/DeepSeek-R1-Distill-Llama-70B,cnn_dailymail,3.0.0,validation,30,deepseek-ai/DeepSeek-R1-Distill-Qwen-1.5B,1,15,512,283.5414409637451,56.77990904059662,17.611863366759145
deepseek-ai/DeepSeek-R1-Distill-Llama-70B,cnn_dailymail,3.0.0,validation,30,deepseek-ai/DeepSeek-R1-Distill-Qwen-1.5B,1,16,512,149.74164962768555,62.72328249862283,15.943043159802045
deepseek-ai/DeepSeek-R1-Distill-Llama-70B,cnn_dailymail,3.0.0,validation,30,deepseek-ai/DeepSeek-R1-Distill-Qwen-1.5B,1,17,512,361.7732524871826,62.29651650803896,16.052261924965844
deepseek-ai/DeepSeek-R1-Distill-Llama-70B,cnn_dailymail,3.0.0,validation,30,deepseek-ai/DeepSeek-R1-Distill-Qwen-1.5B,1,18,512,462.1565341949463,60.447151646922016,16.543376697732626
deepseek-ai/DeepSeek-R1-Distill-Llama-70B,cnn_dailymail,3.0.0,validation,30,deepseek-ai/DeepSeek-R1-Distill-Qwen-1.5B,1,19,512,354.9966812133789,65.95951703663208,15.16081446510028
deepseek-ai/DeepSeek-R1-Distill-Llama-70B,cnn_dailymail,3.0.0,validation,30,deepseek-ai/DeepSeek-R1-Distill-Qwen-1.5B,1,20,512,159.22117233276367,62.83169483252001,15.915534391767302
deepseek-ai/DeepSeek-R1-Distill-Llama-70B,cnn_dailymail,3.0.0,validation,30,deepseek-ai/DeepSeek-R1-Distill-Qwen-1.5B,1,21,443,113.30485343933105,53.441158247209785,18.71216928671659
deepseek-ai/DeepSeek-R1-Distill-Llama-70B,cnn_dailymail,3.0.0,validation,30,deepseek-ai/DeepSeek-R1-Distill-Qwen-1.5B,1,22,480,195.65486907958984,52.80001377511871,18.939388998251296
deepseek-ai/DeepSeek-R1-Distill-Llama-70B,cnn_dailymail,3.0.0,validation,30,deepseek-ai/DeepSeek-R1-Distill-Qwen-1.5B,1,23,475,315.5336380004883,58.633153448627965,17.055197293390677
deepseek-ai/DeepSeek-R1-Distill-Llama-70B,cnn_dailymail,3.0.0,validation,30,deepseek-ai/DeepSeek-R1-Distill-Qwen-1.5B,1,24,512,458.4043025970459,64.4596215563511,15.513587822196447
deepseek-ai/DeepSeek-R1-Distill-Llama-70B,cnn_dailymail,3.0.0,validation,30,deepseek-ai/DeepSeek-R1-Distill-Qwen-1.5B,1,25,512,299.7426986694336,67.76898201197794,14.756013301531567
deepseek-ai/DeepSeek-R1-Distill-Llama-70B,cnn_dailymail,3.0.0,validation,30,deepseek-ai/DeepSeek-R1-Distill-Qwen-1.5B,1,26,512,281.8596363067627,57.31898277939649,17.446227262069513
deepseek-ai/DeepSeek-R1-Distill-Llama-70B,cnn_dailymail,3.0.0,validation,30,deepseek-ai/DeepSeek-R1-Distill-Qwen-1.5B,1,27,512,148.25844764709473,61.935390278317925,16.145857731844725
deepseek-ai/DeepSeek-R1-Distill-Llama-70B,cnn_dailymail,3.0.0,validation,30,deepseek-ai/DeepSeek-R1-Distill-Qwen-1.5B,1,28,512,166.80455207824707,56.450089829775216,17.714763661412974
deepseek-ai/DeepSeek-R1-Distill-Llama-70B,cnn_dailymail,3.0.0,validation,30,deepseek-ai/DeepSeek-R1-Distill-Qwen-1.5B,1,29,512,234.633207321167,63.55787350007,15.733691908350247
deepseek-ai/DeepSeek-R1-Distill-Llama-70B,cnn_dailymail,3.0.0,validation,30,double7/vicuna-68m,0,0,512,383.6960792541504,54.83823606412705,18.235451607717913
deepseek-ai/DeepSeek-R1-Distill-Llama-70B,cnn_dailymail,3.0.0,validation,30,double7/vicuna-68m,0,1,512,636.5890502929688,62.39346095493862,16.027320566849355
deepseek-ai/DeepSeek-R1-Distill-Llama-70B,cnn_dailymail,3.0.0,validation,30,double7/vicuna-68m,0,2,512,333.4016799926758,49.58479745047433,20.167471713458294
deepseek-ai/DeepSeek-R1-Distill-Llama-70B,cnn_dailymail,3.0.0,validation,30,double7/vicuna-68m,0,3,512,242.9962158203125,47.473547743257946,21.064362103462493
deepseek-ai/DeepSeek-R1-Distill-Llama-70B,cnn_dailymail,3.0.0,validation,30,double7/vicuna-68m,0,4,512,313.45677375793457,49.67070139084311,20.13259269546679
deepseek-ai/DeepSeek-R1-Distill-Llama-70B,cnn_dailymail,3.0.0,validation,30,double7/vicuna-68m,0,5,512,394.1364288330078,56.56447055988349,17.678942100966424
deepseek-ai/DeepSeek-R1-Distill-Llama-70B,cnn_dailymail,3.0.0,validation,30,double7/vicuna-68m,0,6,512,303.3440113067627,54.912301192311624,18.210855824414292
deepseek-ai/DeepSeek-R1-Distill-Llama-70B,cnn_dailymail,3.0.0,validation,30,double7/vicuna-68m,0,7,506,162.63699531555176,51.763838588601295,19.31850549082359
deepseek-ai/DeepSeek-R1-Distill-Llama-70B,cnn_dailymail,3.0.0,validation,30,double7/vicuna-68m,0,8,512,313.4493827819824,44.89326850308831,22.275054442320407
deepseek-ai/DeepSeek-R1-Distill-Llama-70B,cnn_dailymail,3.0.0,validation,30,double7/vicuna-68m,0,9,512,333.4009647369385,56.1301055019849,17.81575129882194
deepseek-ai/DeepSeek-R1-Distill-Llama-70B,cnn_dailymail,3.0.0,validation,30,double7/vicuna-68m,0,10,460,192.88945198059082,53.75107648845332,18.604278562026895
deepseek-ai/DeepSeek-R1-Distill-Llama-70B,cnn_dailymail,3.0.0,validation,30,double7/vicuna-68m,0,11,512,242.70224571228027,46.64653714622303,21.437818564436995
deepseek-ai/DeepSeek-R1-Distill-Llama-70B,cnn_dailymail,3.0.0,validation,30,double7/vicuna-68m,0,12,512,222.64957427978516,54.07624748588309,18.492407415308463
deepseek-ai/DeepSeek-R1-Distill-Llama-70B,cnn_dailymail,3.0.0,validation,30,double7/vicuna-68m,0,13,449,202.5473117828369,57.31312238744327,17.448011176914868
deepseek-ai/DeepSeek-R1-Distill-Llama-70B,cnn_dailymail,3.0.0,validation,30,double7/vicuna-68m,0,14,512,202.40116119384766,43.73005364972318,22.86756856074267
deepseek-ai/DeepSeek-R1-Distill-Llama-70B,cnn_dailymail,3.0.0,validation,30,double7/vicuna-68m,0,15,512,242.82288551330566,48.90466156304466,20.44794847850784
deepseek-ai/DeepSeek-R1-Distill-Llama-70B,cnn_dailymail,3.0.0,validation,30,double7/vicuna-68m,0,16,498,172.43385314941406,44.86480421223631,22.28918675916706
deepseek-ai/DeepSeek-R1-Distill-Llama-70B,cnn_dailymail,3.0.0,validation,30,double7/vicuna-68m,0,17,512,232.77997970581055,52.83004197122533,18.928623992853627
deepseek-ai/DeepSeek-R1-Distill-Llama-70B,cnn_dailymail,3.0.0,validation,30,double7/vicuna-68m,0,18,512,383.85844230651855,55.562425732845895,17.99777433779042
deepseek-ai/DeepSeek-R1-Distill-Llama-70B,cnn_dailymail,3.0.0,validation,30,double7/vicuna-68m,0,19,512,323.5669136047363,50.491381064786374,19.80536041818469
deepseek-ai/DeepSeek-R1-Distill-Llama-70B,cnn_dailymail,3.0.0,validation,30,double7/vicuna-68m,0,20,512,162.38641738891602,48.84920568148917,20.47116193700849
deepseek-ai/DeepSeek-R1-Distill-Llama-70B,cnn_dailymail,3.0.0,validation,30,double7/vicuna-68m,0,21,512,142.3814296722412,52.34842431055357,19.102771729432888
deepseek-ai/DeepSeek-R1-Distill-Llama-70B,cnn_dailymail,3.0.0,validation,30,double7/vicuna-68m,0,22,512,192.62051582336426,48.62373915670436,20.56608597658861
deepseek-ai/DeepSeek-R1-Distill-Llama-70B,cnn_dailymail,3.0.0,validation,30,double7/vicuna-68m,0,23,512,293.3337688446045,49.17403769819704,20.335934302109685
deepseek-ai/DeepSeek-R1-Distill-Llama-70B,cnn_dailymail,3.0.0,validation,30,double7/vicuna-68m,0,24,512,293.1954860687256,50.18346790231604,19.926881138356894
deepseek-ai/DeepSeek-R1-Distill-Llama-70B,cnn_dailymail,3.0.0,validation,30,double7/vicuna-68m,0,25,393,232.58471488952637,56.81818480394325,17.59999907513059
deepseek-ai/DeepSeek-R1-Distill-Llama-70B,cnn_dailymail,3.0.0,validation,30,double7/vicuna-68m,0,26,512,242.88535118103027,53.50501849926614,18.68983560885444
deepseek-ai/DeepSeek-R1-Distill-Llama-70B,cnn_dailymail,3.0.0,validation,30,double7/vicuna-68m,0,27,395,172.471284866333,51.802537768020244,19.30407356639851
deepseek-ai/DeepSeek-R1-Distill-Llama-70B,cnn_dailymail,3.0.0,validation,30,double7/vicuna-68m,0,28,512,162.31322288513184,56.483491292904965,17.704288051429508
deepseek-ai/DeepSeek-R1-Distill-Llama-70B,cnn_dailymail,3.0.0,validation,30,double7/vicuna-68m,0,29,420,222.92518615722656,54.765153898544135,18.259786174481725
deepseek-ai/DeepSeek-R1-Distill-Llama-70B,cnn_dailymail,3.0.0,validation,30,double7/vicuna-68m,1,0,512,386.6143226623535,59.8046821624099,16.721098814375907
deepseek-ai/DeepSeek-R1-Distill-Llama-70B,cnn_dailymail,3.0.0,validation,30,double7/vicuna-68m,1,1,512,664.074182510376,67.68731408389813,14.77381712562127
deepseek-ai/DeepSeek-R1-Distill-Llama-70B,cnn_dailymail,3.0.0,validation,30,double7/vicuna-68m,1,2,512,340.3315544128418,56.38202109215544,17.736150294533026
deepseek-ai/DeepSeek-R1-Distill-Llama-70B,cnn_dailymail,3.0.0,validation,30,double7/vicuna-68m,1,3,512,238.7382984161377,53.87890315569077,18.5601402669679
deepseek-ai/DeepSeek-R1-Distill-Llama-70B,cnn_dailymail,3.0.0,validation,30,double7/vicuna-68m,1,4,512,302.2456169128418,58.53060033689973,17.08508018445123
deepseek-ai/DeepSeek-R1-Distill-Llama-70B,cnn_dailymail,3.0.0,validation,30,double7/vicuna-68m,1,5,394,391.9191360473633,59.025974370747726,16.94169407045965
deepseek-ai/DeepSeek-R1-Distill-Llama-70B,cnn_dailymail,3.0.0,validation,30,double7/vicuna-68m,1,6,512,296.0638999938965,59.148132917699044,16.9067044160369
deepseek-ai/DeepSeek-R1-Distill-Llama-70B,cnn_dailymail,3.0.0,validation,30,double7/vicuna-68m,1,7,294,112.26296424865723,51.996817767823515,19.23194616380575
deepseek-ai/DeepSeek-R1-Distill-Llama-70B,cnn_dailymail,3.0.0,validation,30,double7/vicuna-68m,1,8,351,296.4484691619873,50.08465903145926,19.966193627710997
deepseek-ai/DeepSeek-R1-Distill-Llama-70B,cnn_dailymail,3.0.0,validation,30,double7/vicuna-68m,1,9,512,319.21839714050293,58.59841759190868,17.06530724027744
deepseek-ai/DeepSeek-R1-Distill-Llama-70B,cnn_dailymail,3.0.0,validation,30,double7/vicuna-68m,1,10,346,165.7254695892334,55.28614140939021,18.08771555596666
deepseek-ai/DeepSeek-R1-Distill-Llama-70B,cnn_dailymail,3.0.0,validation,30,double7/vicuna-68m,1,11,512,258.7454319000244,56.788459915937516,17.60921147501225
deepseek-ai/DeepSeek-R1-Distill-Llama-70B,cnn_dailymail,3.0.0,validation,30,double7/vicuna-68m,1,12,512,194.83137130737305,59.47763579232352,16.813042191045948
deepseek-ai/DeepSeek-R1-Distill-Llama-70B,cnn_dailymail,3.0.0,validation,30,double7/vicuna-68m,1,13,487,197.24440574645996,53.09891112056779,18.832777902533135
deepseek-ai/DeepSeek-R1-Distill-Llama-70B,cnn_dailymail,3.0.0,validation,30,double7/vicuna-68m,1,14,512,157.20462799072266,48.61452341546284,20.56998464129609
deepseek-ai/DeepSeek-R1-Distill-Llama-70B,cnn_dailymail,3.0.0,validation,30,double7/vicuna-68m,1,15,512,271.1806297302246,53.242942824988916,18.781831862431584
deepseek-ai/DeepSeek-R1-Distill-Llama-70B,cnn_dailymail,3.0.0,validation,30,double7/vicuna-68m,1,16,438,130.25879859924316,50.24499205757333,19.902481004557586
deepseek-ai/DeepSeek-R1-Distill-Llama-70B,cnn_dailymail,3.0.0,validation,30,double7/vicuna-68m,1,17,512,222.64599800109863,58.42455679189902,17.116090474795985
deepseek-ai/DeepSeek-R1-Distill-Llama-70B,cnn_dailymail,3.0.0,validation,30,double7/vicuna-68m,1,18,512,378.36241722106934,58.40569326322373,17.121618529433146
deepseek-ai/DeepSeek-R1-Distill-Llama-70B,cnn_dailymail,3.0.0,validation,30,double7/vicuna-68m,1,19,512,329.9822807312012,57.616505837487146,17.356137541915427
deepseek-ai/DeepSeek-R1-Distill-Llama-70B,cnn_dailymail,3.0.0,validation,30,double7/vicuna-68m,1,20,512,186.3422393798828,52.99861790382699,18.868416565402374
deepseek-ai/DeepSeek-R1-Distill-Llama-70B,cnn_dailymail,3.0.0,validation,30,double7/vicuna-68m,1,21,512,143.96190643310547,53.07489785196263,18.841298626503555
deepseek-ai/DeepSeek-R1-Distill-Llama-70B,cnn_dailymail,3.0.0,validation,30,double7/vicuna-68m,1,22,512,187.9899501800537,56.01187041594324,17.853358450164514
deepseek-ai/DeepSeek-R1-Distill-Llama-70B,cnn_dailymail,3.0.0,validation,30,double7/vicuna-68m,1,23,438,371.6769218444824,56.80533513870065,17.60398028738527
deepseek-ai/DeepSeek-R1-Distill-Llama-70B,cnn_dailymail,3.0.0,validation,30,double7/vicuna-68m,1,24,512,289.29591178894043,56.99336458792192,17.54590218054824
deepseek-ai/DeepSeek-R1-Distill-Llama-70B,cnn_dailymail,3.0.0,validation,30,double7/vicuna-68m,1,25,512,277.41503715515137,61.3628026324009,16.29651771270268
deepseek-ai/DeepSeek-R1-Distill-Llama-70B,cnn_dailymail,3.0.0,validation,30,double7/vicuna-68m,1,26,512,209.62262153625488,57.5659051100102,17.371393676325763
deepseek-ai/DeepSeek-R1-Distill-Llama-70B,cnn_dailymail,3.0.0,validation,30,double7/vicuna-68m,1,27,512,160.43376922607422,49.25453266285637,20.302699994027474
deepseek-ai/DeepSeek-R1-Distill-Llama-70B,cnn_dailymail,3.0.0,validation,30,double7/vicuna-68m,1,28,512,196.37775421142578,55.18213643486486,18.121806523028813
deepseek-ai/DeepSeek-R1-Distill-Llama-70B,cnn_dailymail,3.0.0,validation,30,double7/vicuna-68m,1,29,413,256.3772201538086,60.189809614014855,16.614108042753397
